Source,Substance,N_primary,N_sens,N_EDS_primary,N_EDS_sens,N_NEDS_primary,N_NEDS_sens,Anchor_N_primary,Anchor_N_sensitivity,Anchor_DRC_status_primary,TEL_primary,TEL_sens,TEL_delta_pct,PEL_primary,PEL_sens,PEL_delta_pct
NOAA,DDTs,4387,4387,1026,1026,3361,3361,262.0,262,DRC_OK,2.6462,2.6462,0.0,12.4907,12.4907,0.0
NOAA,CHLs,3150,3150,440,440,2710,2710,262.0,262,DRC_OK,2.0422,2.0422,0.0,16.5344,16.5344,0.0
NOAA,PCBs,3877,3877,774,774,3103,3103,262.0,262,DRC_OK,6.4142,6.4142,0.0,30.5275,30.5275,0.0
SCCWRP,DDTs,176,176,91,91,85,85,,0,Not_Selected,6.0335,6.0335,0.0,46.5207,46.5207,0.0
SCCWRP,CHLs,601,601,316,316,285,285,,0,Not_Selected,1.8996,1.8996,0.0,7.8931,7.8931,0.0
SCCWRP,PCBs,176,176,91,91,85,85,,0,Not_Selected,12.3069,12.3069,0.0,35.1658,35.1658,0.0
Integrated,DDTs,4636,4636,1078,1078,3558,3558,262.0,262,DRC_OK,2.7518,2.7518,0.0,13.3661,13.3661,0.0
Integrated,CHLs,3523,3523,548,548,2975,2975,262.0,262,DRC_OK,2.0488,2.0488,0.0,16.6181,16.6181,0.0
Integrated,PCBs,4275,4275,932,932,3343,3343,262.0,262,DRC_OK,7.0342,7.0342,0.0,31.6892,31.6892,0.0
