Source,Substance,mPELQ_cutoff,N_total,N_EDS,N_NEDS,TEL,PEL,TEL_chg_pct,PEL_chg_pct,N_chg_pct
NOAA,DDTs,0.25,3198,545,2653,2.5928,14.5862,-2.02,16.78,-27.1
NOAA,DDTs,0.5,4387,1026,3361,2.6462,12.4907,0.0,0.0,0.0
NOAA,DDTs,1.0,5154,1411,3743,2.8475,12.4167,7.61,-0.59,17.48
NOAA,CHLs,0.25,2685,375,2310,2.9836,21.6568,46.1,30.98,-14.76
NOAA,CHLs,0.5,3150,440,2710,2.0422,16.5344,0.0,0.0,0.0
NOAA,CHLs,1.0,3404,464,2940,2.1886,14.9471,7.17,-9.6,8.06
NOAA,PCBs,0.25,2170,314,1856,4.7813,40.5645,-25.46,32.88,-44.03
NOAA,PCBs,0.5,3877,774,3103,6.4142,30.5275,0.0,0.0,0.0
NOAA,PCBs,1.0,4661,1167,3494,7.0752,34.4163,10.31,12.74,20.22
SCCWRP,DDTs,0.5,176,91,85,6.0335,46.5207,0.0,0.0,0.0
SCCWRP,DDTs,1.0,623,365,258,5.8008,24.4958,-3.86,-47.34,253.98
SCCWRP,CHLs,0.5,601,316,285,1.8996,7.8931,0.0,0.0,0.0
SCCWRP,CHLs,1.0,1094,615,479,1.4831,5.6908,-21.93,-27.9,82.03
SCCWRP,PCBs,0.5,176,91,85,12.3069,35.1658,0.0,0.0,0.0
SCCWRP,PCBs,1.0,625,186,439,9.4299,28.0002,-23.38,-20.38,255.11
Integrated,DDTs,0.25,2782,533,2249,2.6473,14.4451,-3.8,8.07,-39.99
Integrated,DDTs,0.5,4636,1078,3558,2.7518,13.3661,0.0,0.0,0.0
Integrated,DDTs,1.0,5845,1590,4255,3.2286,12.6787,17.33,-5.14,26.08
Integrated,CHLs,0.25,2766,397,2369,3.0207,22.5957,47.44,35.97,-21.49
Integrated,CHLs,0.5,3523,548,2975,2.0488,16.6181,0.0,0.0,0.0
Integrated,CHLs,1.0,4358,802,3556,1.5173,11.3229,-25.94,-31.86,23.7
Integrated,PCBs,0.25,2221,331,1890,5.4993,44.7958,-21.82,41.36,-48.05
Integrated,PCBs,0.5,4275,932,3343,7.0342,31.6892,0.0,0.0,0.0
Integrated,PCBs,1.0,5483,1465,4018,7.6518,34.3762,8.78,8.48,28.26
