Source,Substance,N_total,group_col,n_groups,group_kfold_train_test_overlap,n_unique_fold_splits,N_neg_sign_freq_ge_threshold,N_removed_TreeSHAP,N_removed_Interventional,n_oof_per_sample_min,n_oof_per_sample_max,interventional_background_min,interventional_background_max,interventional_success_rate,interventional_attempts,interventional_successes,Mean_ablation_pred_diff,Median_ablation_pred_diff,IQR_ablation_pred_diff,P5_ablation_pred_diff,P95_ablation_pred_diff,Mean_ablation_EDS,Mean_ablation_NEDS,N_ablation_negative,N_ablation_negative_pct
NOAA,DDTs,4387,Station,3602,0,10,1629,234,126,10,10,3440,3563,1.0,50,50,-0.0188,0.3171,2.7098,-5.2922,4.177,-0.6016,0.1591,1942,44.27
NOAA,CHLs,3150,Station,3078,0,10,1030,368,375,10,10,2513,2529,1.0,50,50,-0.0522,0.4281,2.5789,-6.0999,3.8433,-1.0759,0.114,1271,40.35
NOAA,PCBs,3877,Station,3421,0,10,1144,355,289,10,10,3069,3127,1.0,50,50,0.0165,0.4597,3.1473,-8.3551,5.9319,-1.523,0.4005,1577,40.68
SCCWRP,DDTs,176,station_key,176,0,10,56,14,13,10,10,140,141,1.0,50,50,-0.5488,-0.6491,10.86,-18.7315,14.9258,-0.4628,-0.6408,95,53.98
SCCWRP,CHLs,601,station_key,371,0,10,249,42,38,10,10,453,505,1.0,50,50,-0.2304,-0.2911,7.4609,-12.2325,10.7402,-0.7678,0.3655,316,52.58
SCCWRP,PCBs,176,station_key,176,0,10,57,23,24,10,10,140,141,1.0,50,50,-0.46,-0.2895,10.7266,-18.3907,17.9676,-0.9511,0.0658,91,51.7
Integrated,DDTs,4636,station_key,405,0,10,3529,1628,1644,10,10,453,4529,1.0,50,50,-7.265,-5.2937,12.6984,-31.45,7.0548,-5.7801,-7.7148,3437,74.14
Integrated,CHLs,3523,station_key,253,0,10,1981,1095,1081,10,10,278,3458,1.0,50,50,-6.8218,-5.7339,12.5854,-25.7075,8.7311,-6.4346,-6.8931,2660,75.5
Integrated,PCBs,4275,station_key,331,0,10,3256,1265,1451,10,10,379,4186,1.0,50,50,-6.7145,-4.4555,14.9447,-27.7837,8.0013,-3.5887,-7.586,2948,68.96
