Source,Substance,N_total,N_EDS,N_NEDS,N_clusters,cluster_col,TEL,TEL_CI_low,TEL_CI_high,PEL,PEL_CI_low,PEL_CI_high,n_iter,seed
NOAA,DDTs,4387,1026,3361,3602,Station,2.6462,2.4894,2.8205,12.4907,11.3332,13.2159,2000,42
NOAA,CHLs,3150,440,2710,3078,Station,2.0422,1.9043,2.4016,16.5344,15.1493,18.7767,2000,42
NOAA,PCBs,3877,774,3103,3421,Station,6.4142,6.102,6.8641,30.5275,28.2252,32.8132,2000,42
SCCWRP,DDTs,176,91,85,176,station_key,6.0335,5.3306,7.212,46.5207,35.2633,59.1664,2000,42
SCCWRP,CHLs,601,316,285,371,station_key,1.8996,1.5545,2.3218,7.8931,6.277,9.648,2000,42
SCCWRP,PCBs,176,91,85,176,station_key,12.3069,11.2964,13.5719,35.1658,30.5758,43.0145,2000,42
Integrated,DDTs,4636,1078,3558,404,station_key,2.7518,2.6118,6.7662,13.3661,12.7696,38.5374,2000,42
Integrated,CHLs,3523,548,2975,252,station_key,2.0488,2.0207,2.5235,16.6181,16.0089,22.8131,2000,42
Integrated,PCBs,4275,932,3343,330,station_key,7.0342,6.7823,12.1665,31.6892,30.426,36.5145,2000,42
