StudyID,StudyName,AgencyCode,Contact,StudyType,StudyGapCode,Comments
ACOE_LAHarb,ACOE LA Harbor and Estuary Sed Test,ACOE,Kathleen Stryker Anderson,D3,T-WR,
ACOE_LARiv95,ACOE LA River Est Sed Tests,ACOE,Kathleen Stryker Anderson,D1,NA,
ACOE_LARiv98,ACOE LA River Estuary Sed Testing,ACOE,Kathleen Stryker Anderson,D3,NA,
ACOE_MDR98a,ACOE Marina del Rey Sed Tests,ACOE,Kathleen Stryker Anderson,D3,NA,
ACOE_MDR98b,ACOE Marina del Rey Chem Tests,ACOE,Kathleen Stryker Anderson,D1,NA,
ACOE_MDR99,ACOE 1999 Marina del Rey Chem Tests,ACOE,Kathleen Stryker Anderson,D1,NA,
ACOE_Port,ACOE Portwide Prelim Testing,ACOE,Kathleen Stryker Anderson,D1,NA,
ANAS_SEAPL,Alameda Naval Air Station - Seaplane Lagoon,EPA9,Battelle PNL,M5,T-WR,
ARQUES,Arques Shipyard and Marina Dredging Sausalito 1999,ARQ,,D2,NA,
BAL_III_93,"John F. Baldwin Ship Channel, Phase III, 1993",ACOE,N.P. Kohn,D3,NA,
BAYBRIDGE,SFOBB East Span Project,CTRN,"Allen Baradar, CalTrans
Caltrans   District 4",D3,T-WQ,
BENI_01,Benicia Marina 2001,BEN,,D2,NA,
BENI_96,Benicia Marina 1996,BEN,,D2,T-WQ,
BENI_97,Benicia Marina 1997,BEN,,D2,T-WQ,PAH & Phthalate results missing from report
BPTCP,Bay Protection and Toxic Cleanup Program,BPTP,Russell Fairey,M6,T-Rep,
CISNET,CISNET San Pablo Bay Stress Indicators,SFEI,Sarah Lowell,M0,T-WQ,
CLIPPER,Clipper Yacht Harbor 2002,WDE,,D2,NA,
COYOTE,"Coyote Point Marina, San Mateo",COSM,Josh Gravenmier,D2,NA,
EMRY_MAR_00,Emery Cove Marina Dredging 2000,EMER,,D2,NA,
FERRY_LARK2,Larkspur Landing Ferry Terminal Berthing Basin 200,GGB,,D2,NA,
FERRY_VAL,Vallejo Ferry Terminal 2003,VAL,,D2,NA,
HUMB_93,Humboldt Bay Baseline Survey FY 1993,ACOE,Neil Hedgecock,D3,T-WQ,
HUMB_94,Humboldt Bay Baseline Survey II FY 1994,ACOE,Neil Hedgecock,D2,T-WQ,
HUMB_95,Humboldt Bay Baseline Survey III FY 1995,ACOE,Neil Hedgecock,D2,NA,
HUMB_EUR,Humboldt Eureka Expansion Channel,ACOE,Neil Hedgecock,D2,NA,
HUNT,Huntington Harbor and Anaheim Bay,RBSA,Pavlova N. Vitale,M4,NA,
HUNT_PT,"Hunters Point EPA Parcel F, 2001",EPA9,Naomi Fager,MA,T-WQ,
KAPPAS,Kappas Marina Dredging Sausalito 1997,KAPP,,D2,NA,
LBNAVY,Long Beach Naval Station Feasibility Study 1998,NALB,Thomas Macchiarella,M1,NA,
LEMP,Local Effects Monitoring Program (BADA),SFEI,Sarah Lowe,M9,NA,Bay Area Dischargers Association
LOCHLOM,Loch Lomond Marina San Rafael 2001,ABT,,D2,NA,
MARTINEZ,Martinez Marina Dredging 2000,BDG,,D2,NA,
MDR_91,Marine Environment of Marina del Rey 1990-91,LACO,Larry Charness,M1,NA,
MDR_92,Marine Environment of Marina del Rey 1991-92,LACO,Larry Charness,M1,NA,
MDR_93,Marine Environment of Marina del Rey 1992-93,LACO,Larry Charness,M1,NA,
MDR_94,Marine Environment of Marina del Rey 1993-94,LACO,Larry Charness,M1,NA,
MDR_95,Marine Environment of Marina del Rey 1995-96,LACO,Larry Charness,M1,NA,
MDR_96,Marine Environment of Marina del Rey 1996-97,LACO,Larry Charness,M1,NA,
MDR_97,Marine Environment of Marina del Rey 1997-98,LACO,Larry Charness,M1,NA,
MDR_98,Marine Environment of Marina del Rey 1998-99,LACO,Larry Charness,M9,NA,
MDR_99,Marine Environment of Marina del Rey 1999-2000,LACO,Larry Charness,M1,NA,
MOSS_02,Moss Landing Harbor Dredging 2002,ACOE,Scott Bodensteiner,D2,NA,
NASSCO,NASSCO/Southwest Marine Detailed Sed Invest,NAS,Dreas Nielsen,M6,NA,Phase I and Phase II
NEWP_TOX,Newport Bay Sediment Toxicity,SCCW,Darrin Greenstein,M2,NA,
NOAA_01,NOAA San Francisco Bay 2001,NOAA,Ian Hartwell,M2,NA,
NOAA_NST,NSI/NOAA NS&T Benthic Surveillance 1984,NOAA,Thomas P. O'Connor,M1,NA,Sedqual Agency:  NOAA
OAK_38III,Oakland Harbor 38-Foot Phase III 1990,ACOE,Jack Word,D3,NA,
OAK_42IIIA_92,Oakland Harbor 42 Foot Phase IIIA 1990,ACOE,Jack Word,D3,NA,
OAK_42IIIB,Oakland Harbor 42 Foot Phase IIIB 1990,ACOE,Jack Word,D3,NA,
OC9097,NSI/Orange County 1990-97 Sediment Data,ORCO,Bob Collacutt,M1,NA,ORANGE COUNTY (CA) ENVIRON MGNT GENERL WATER QUALI
ODES_EN,NSI/ODES Encina 301(h) Sediment Data,NSI,Jim Keating,M1,NA,Monitoring Program: Encina 301(h) (Source: EPA's O
ODES_GO,NSI/ODES Goleta 301(h) Sediment Data,NSI,Jim Keating,M1,NA,Monitoring Program: Goleta 301(h) (Source: EPA's O
ODES_MB,NSI/ODES Morrow Bay 301(h) Sediment Data,NSI,Jim Keating,M1,NA,Monitoring Program: Morro Bay 301(h) (Source: EPA'
ODES_OC,NSI/ODES Orange County 301(h) Sediment Data,ORCO,Jim Keating,M1,NA,Monitoring Program: Orange County 301(h) (Source: 
OYSTPT,Oyster Point Marina 1998,OYST,,D2,NA,
PINOLE,Pinole Shoals Navigation Channel 2003,ACOE,,D2,NA,
PITT_POWER,Pittsburg Power Plant Intake Channel Dredging 2000,SEC,,D2,NA,
POAK_50FT,Port of Oakland 50 Ft Harbor Deepening,POAK,Jody Zaitlin,D2,T-WQ,
POAK_B2630,"Port of Oakland Berths 26, 30, and Outer Harbor",POAK,,D2,NA,
POLA_B100,POLA Berth 100 Final Report,POLA,Paul Johansen,D1,NA,
POLA_B10709,POLA Berths 107-109 Chem/Elut Tests,POLA,Paul Johansen,D6,NA,
POLA_B11820,POLA Berths 118-120 Eval,POLA,Paul Johansen,D5,NA,
POLA_B12124,"POLA Berth 121, 122-124 Final Rprt 2/2",POLA,Paul Johansen,D3,T-WQ,
POLA_B12126,POLA Berths 121-126 Final Rprt 1/2,POLA,Paul Johansen,D3,T-WQ,
POLA_B12731,POLA Berths 127-131 Final Report,POLA,Paul Johansen,D4,NA,
POLA_B142,POLA Berth 142 Sed Test 2/2,POLA,Paul Johansen,D3,NA,
POLA_B14244,POLA Berths 143-144 Sed Test 1/2,POLA,Paul Johansen,D4,NA,
POLA_B144,POLA Berth 144 Final Report 1/2,POLA,Paul Johansen,D3,NA,
POLA_B147,POLA Berth 147 Final Report 2/2,POLA,Paul Johansen,D3,NA,
POLA_B14851,POLA Berths 148-151 Sed Test,POLA,Paul Johansen,D3,NA,
POLA_B16364,POLA Berths 163-164 Sed Tests,POLA,Paul Johansen,D3,NA,
POLA_B16769_00,POLA Berths 167-169 Sed Tests,POLA,Paul Johansen,D3,NA,
POLA_B16769_92,POLA Berths 167-169 Tech Eval,POLA,Paul Johansen,D3,NA,
POLA_B17173,POLA Berths 171-173 Sed Tests,POLA,Paul Johansen,D3,NA,
POLA_B17476,POLA Berths 174-176 Sed Tests,POLA,Paul Johansen,D3,NA,
POLA_B18790,POLA Berths 187-190 Final Report,POLA,Paul Johansen,D3,NA,
POLA_B191,POLA Berth 191 Final Report 2/2,POLA,Paul Johansen,D3,NA,
POLA_B21215,POLA Berths 212-215 Sed Tests,POLA,Paul Johansen,D3,NA,
POLA_B21621,POLA Berths 216-221 Sed Tests,POLA,Paul Johansen,D3,NA,
POLA_B23336,POLA Berths 233-236 Sed Tests,POLA,Paul Johansen,D3,NA,
POLA_B23739,POLA Berths 237-239 Sed Tests,POLA,Paul Johansen,D3,NA,
POLA_B240B,POLA Berth 240B Final Report,POLA,Paul Johansen,D3,NA,
POLA_B25859,POLA Berths 258-259 Final Report,POLA,Paul Johansen,D1,NA,
POLA_B26162,POLA Berths 261-262 Sed Tests,POLA,Paul Johansen,D3,NA,
POLA_B26364,POLA Berths 263-264 Sed Tests,POLA,Paul Johansen,D2,NA,
POLA_B35,POLA Berth 35 Final Report,POLA,Paul Johansen,D1,NA,
POLA_B36,POLA Berth 36 Final Report,POLA,Paul Johansen,D6,NA,
POLA_B400,POLA Pier 400 Final Rprt Chem Tests,POLA,Paul Johansen,D6,NA,
POLA_B4044_95,POLA Berths 40-44 Sedchem,POLA,Paul Johansen,D1,NA,
POLA_B4044_98,POLA West Ch B40-44 Sed Testing,POLA,Paul Johansen,D3,NA,
POLA_B4547,POLA Berths 45-47 Final Report,POLA,Paul Johansen,D3,NA,
POLA_B5,POLA Slip 5 Sed Tests,POLA,Paul Johansen,D3,NA,
POLA_B5155,POLA Berth 51-55 Final Report,POLA,Paul Johansen,D6,NA,
POLA_B5758,POLA Berths 57-58 Sed Tests,POLA,Paul Johansen,D3,NA,
POLA_B71,POLA Berth 71 Maintenance Dredging,POLA,Paul Johansen,D3,NA,
POLA_B97102,POLA Berths 97-102 Sed Testing,POLA,Paul Johansen,D3,NA,
POLA_Bmulti,"POLA Berths 145,146,121-122 TechEval",POLA,Paul Johansen,D3,NA,
POLA_CHAN,POLA Main Channel Sed Eval,POLA,Paul Johansen,D4,NA,
POLA_CONSOL,POLA Consolidated Slip Channel,POLA,Paul Johansen,D6,NA,
POLA_PIPE,POLA DWP Reclaimed Water Pipeline Crossing,POLA,Paul Johansen,D3,NA,Addendum to Channel Deepening Testing Program
POLB_B8894,"POLB Berths 88-94, 11/94",POLB,Richard Cameron,D3,NA,
POLB_BJ24547,POLB Berths J245-247,POLB,Richard Cameron,D3,NA,
POLB_BJ26670,POLB Berths J266-270,POLB,Richard Cameron,D3,NA,
POLB_Bmulti,POLB Contract HD5951,POLB,Richard Cameron,D1,NA,
POLB_CHAN2,POLB Channel 2 Sed Testing,POLB,Richard Cameron,D3,NA,
POLB_PJ,"POLB Pier J, East Channel Dredge",POLB,Richard Cameron,D3,NA,
POLB_PS,"POLB Pier S Dredging, Final Report",POLB,Richard Cameron,D3,NA,"Site 3 is on-land, soil borings were collected"
POLB_WEST12367,"POLB West Basin SA I, II, III, VI, VII",POLB,Richard Cameron,D3,NA,
POLB_WEST45,POLB West Basin SA IV and V,POLB,Richard Cameron,D6,NA,
POLB_WEST696,"POLB West Basin, 6/96 Sed Testing",POLB,Richard Cameron,D1,NA,
POLB_WEST896,"POLB West Basin, 8/96 Sed Testing",POLB,Richard Cameron,D1,NA,
POLB_WEST98,"POLB West Basin, 8/98 Sed Testing",POLB,Richard Cameron,D3,T-WR,
PRCH_T1,Port of Richmond Terminal 1 Retest,POR,Meg R. Pinza,D3,NA,
PRCH_T1T4,Richmond Harbor Terminals 1 and 4,POR,,D2,NA,
PSF_P35E_03,Port of San Francisco Berth 35 E 2003,PSF,,D2,T-WR,
PSF_P35W_02,Port of San Francisco Pier 35 West 2002,PSF,,D2,T-WR,
PV85,Sediments from Palos Verdes and Santa Monica Bay,EPAX,"Swartz et al., 1985a",M2,T-WR,
PV86,Ecological changes in the Southern CA Bight,SCCW,"Swartz et al., 1986",M2,T-WR,
PV88,Characteristics and Effects of Contaminated Seds,SCCW,"Anderson et al., 1988",M2,T-WR,
PV91BEN,Temporal Change in the Benthos: EPA Outfall Study,EPAX,"Ferraro et al., 1991",M2,T-WR,
PV91CORE,"Vertical Profiles, PV Shelf and Santa Monica Bay",EPAX,"Swartz et al., 1991",M2,T-WR,
PV94,Investigation of Toxicity in Palos Verdes Sediment,SCCW,"Bay et al., 1994",M2,T-WR,
RH_92,Richmond Harbor USACE Dredging October 1992,ACOE,Battelle PNL,D3,NA,
RH_CERCLA_EPA,"United Heckathorn Superfund Site, Richmond Harbor",EPAO,Henry Lee,M6,T-WQ,
RH_CERCLA_UCD,Richmond Harbor Ecotox Changes after Remediation,UCD,Brian Anderson,M5,T-WQ,
RH_LR_93,Ecological Investigation of Richmond Harbor 1993,ACOE,J.Q.Word,D3,NA,
RH_TURN,Richmond Harbor Deepening Project/Turning Basin,ACOE,Meg Pinza,D3,NA,
RHINE,Rhine Channel Chemistry and Toxicity,SCCW,Steve Bay,M2,NA,
RMCLONESTAR,RMC Lonestar Redwood City 1999,RMC,,D2,NA,
RMP,Regional Monitoring  Program,SFEI,Sarah Lowell,M0,T-WQ,No tox water quality data.
RWQCB_00,NSI/California RWQCB Surface Water Study,RBLA,Suzanne Lowell,M1,NA,CAL STATE & REGIONL WATER CONTROL BOARDS SURFACE W
SANPAB,Point San Pablo Yacht Harbor 2002,SPYH,,D2,T-WQ,Original missing tox rep and WQ information.
SCC_B03,Bight 2003 Regional Marine Monitoring Survey,SCCW,Larry Cooper,M4,NA,
SCC_B94,Southern California Bight Pilot Project 1994,SCCW,Mary Bergen,M4,NA,
SCC_B98,Bight 1998 Regional Marine Monitoring Survey,SCCW,Larry Cooper,M0,NA,
SD_CHOLPAL,Chollas and Paleta Creek TMDL San Diego,SCCW,Steve Bay,M7,NA,
SD_SWBRAN,San Diego Bay B Street/Broadway/Anchorage/Switzer,RBSD,Brian Anderson,M3,NA,
SFO,SF Airport Sediment Characterization,SWRB,Elizabeth Christian,D2,NA,
SFPUC_ISLA,Islais Creek SFPUC Sed Investigation 98-00,SPAR,Frederick C. Newton III,M3,T-WR,
SFPUC_MISS,"Mission Creek SFPUC Sed Investigation, 98-00",SPAR,Frederick C. Newton III,M3,T-WR,
SFPUC_YOSE,Yosemite Creek SFPUC Sed Investigation 98-00,SPAR,Frederick C. Newton III,M3,T-WR,
SUIS_BULLHD,Bulls Head Channel Dredging (Suisun Bay),ACOE,Nancy Kohn,D2,NA,
SUIS_LAUNCH,Suisun City Launch Ramp 1999,SUI,,D2,NA,No solid phase bioassay.
UNOCAL_96,"UNOCAL Corporation Loading Terminal, Rodeo, 1996",UNO,,D2,NA,
URS,URS Evaluation of US Steel Sediments,SWRB,Elizabeth Christian,D2,NA,
USCG_BAKER,USCG Baker East Facility 1999,USCG,,D2,NA,
USCG_YERBA,USCG Yerba Buena Island 1999,USCG,,D2,NA,
USGS_CLAM,USGS Trace Metals in Sediment and Clams Palo Alto,USGS,,M8,NA,
USGS9098,NSI/USGS 1990-1998 Sediment Data,USGS,Joyce Boyd,M1,NA,All data from WATSTORE flat files from Joyce Boyd 
VISTA,Marina Vista Homeowners Assoc San Rafael 1998,VIS,,D2,NA,
WEMAP00,EMAP Western Pilot/NOAA 2000 San Francisco Bay,EPA9,Ian Hartwell,M0,NA,Combination West EMAP Database and NOAA
WEMAP99,EMAP Western Pilot 1999 Small Estuaries,EPA9,Larry Cooper,M0,NA,
