Source,Substance,N_total,N_EDS,N_NEDS,N_clusters,cluster_method,group_priority,TEL_OC1pct,TEL_OC1pct_CI_low,TEL_OC1pct_CI_high,PEL_OC1pct,PEL_OC1pct_CI_low,PEL_OC1pct_CI_high,Concentration_basis,n_valid_TEL,n_valid_PEL,n_iter,seed
NOAA,DDTs,4856,949,3907,4029,run_pipeline_v5._build_group_ids,station_key > StudyID+Station > sample_key > SampleID > coord(round4) > record_id,4.6162,4.3435,4.946,19.8269,18.1692,21.2591,1% TOC-normalized,2000,2000,2000,42
NOAA,CHLs,3541,335,3206,3201,run_pipeline_v5._build_group_ids,station_key > StudyID+Station > sample_key > SampleID > coord(round4) > record_id,4.4208,4.033,4.7957,22.2445,20.046,24.173,1% TOC-normalized,2000,2000,2000,42
NOAA,PCBs,4004,478,3526,3527,run_pipeline_v5._build_group_ids,station_key > StudyID+Station > sample_key > SampleID > coord(round4) > record_id,11.3198,10.7193,11.8609,48.897,45.2652,52.4907,1% TOC-normalized,2000,2000,2000,42
SCCWRP,DDTs,515,230,285,475,run_pipeline_v5._build_group_ids,station_key > StudyID+Station > sample_key > SampleID > coord(round4) > record_id,10.527,9.8341,11.6077,51.3136,40.7967,63.2418,1% TOC-normalized,2000,2000,2000,42
SCCWRP,CHLs,479,158,321,337,run_pipeline_v5._build_group_ids,station_key > StudyID+Station > sample_key > SampleID > coord(round4) > record_id,5.3559,4.5728,6.4644,17.5626,13.1593,21.1084,1% TOC-normalized,2000,2000,2000,42
SCCWRP,PCBs,183,82,101,183,run_pipeline_v5._build_group_ids,station_key > StudyID+Station > sample_key > SampleID > coord(round4) > record_id,9.6746,8.6442,10.9766,19.5866,15.6245,26.9685,1% TOC-normalized,2000,2000,2000,42
Integrated,DDTs,5487,1039,4448,4529,run_pipeline_v5._build_group_ids,station_key > StudyID+Station > sample_key > SampleID > coord(round4) > record_id,5.7861,5.5665,6.0451,20.8765,19.555,22.4209,1% TOC-normalized,2000,2000,2000,42
Integrated,CHLs,5057,704,4353,4306,run_pipeline_v5._build_group_ids,station_key > StudyID+Station > sample_key > SampleID > coord(round4) > record_id,4.3342,4.1381,4.5578,16.9249,15.7509,18.189,1% TOC-normalized,2000,2000,2000,42
Integrated,PCBs,4930,839,4091,4228,run_pipeline_v5._build_group_ids,station_key > StudyID+Station > sample_key > SampleID > coord(round4) > record_id,14.7016,14.1711,15.4959,56.6121,53.6435,59.5601,1% TOC-normalized,2000,2000,2000,42
